group_entry_name,sku,stock,allocated,price_per_unit,cost_price,incoming,cover_14,cover_30,cover_90,sell_through,units_sold,units_sold_in_kits,total_units_sold,profit,profit_margin_percent,gross_sales
1.5 kw Heater Portables + p/switch,KK-10314,0,0,56.2425,69.99,0,0.0,2.0,6.0,less than a minute,5,0.0,5.0,-49.99,6.67,299.96
200 SQ FT SWIM SPA FILTER SET,KA-10008,3,0,62.5,40.0,0,0,0,0,3 months,3,0.0,3.0,130.0,68.0,250.0
200 SQ FT SWIM SPA FILTER SET - MICROBAN,KA-10009,201,0,151.494,50.0,0,0,0,0,about 7 years,6,0.0,6.0,572.05,66.09,872.05
2 X 25 SQ FT FILTER (VANCOUVER 777SE),KA-10096,-1,0,41.67,14.0,0,1.0,1.0,1.0,3 months,1,0.0,1.0,27.67,66.4,41.67
33/8in Poly Storm Directional Jet - Grey,KK-10459,48,0,21.66,12.0,0,0,0,0,almost 6 years,2,0.0,2.0,19.32,44.6,43.32
33/8in Poly Storm Direct - s/s,KK-10458,67,2,22.49,10.0,0,0,0,0,over 16 years,1,0.0,1.0,12.49,55.54,22.49
33/8in Poly Storm Massage Jet - Grey,KK-10465,52,0,20.83,9.0,0,0,0,0,almost 13 years,1,0.0,1.0,11.83,56.8,20.83
33/8in Poly Storm Twin Roto - s/s,KK-10460,47,1,22.49,10.0,0,0,0,0,over 11 years,1,0.0,1.0,12.49,55.54,22.49
3/4in Drain Valve Assembly - Green,KK-10519,19,0,13.33,5.0,0,0,0,0,over 4 years,1,0.0,1.0,8.33,62.49,13.33
35 sqft Float Filter Housing Asssembly - Charcoal,KK-10663,0,0,116.66,45.0,0,0.0,1.0,3.0,less than a minute,1,0.0,1.0,71.66,61.43,116.66
35 SQ FT OPEN FILTER,KA-10006,88,3,17.2977777777777778,20.0,0,0,0,0,over 1 year,15,0.0,15.0,-30.28,8.3971428571428571,269.72
35 SQ FT OPEN FILTER MICROBAN,KA-10007,49,0,33.33,11.0,99,0,0,0,about 12 years,1,0.0,1.0,22.33,67.0,33.33
50 SQ FT OPEN FILTER - MICROBAN,KA-10004,885,0,45.37,20.0,0,0,0,0,over 7 years,29,0.0,29.0,1057.86,52.8036363636363636,1637.86
50 SQ FT OPEN FILTER ( Slip ),KA-10034,87,4,29.5323529411764706,11.0,0,0,0,0,8 months,29,73.0,102.0,527.29,64.48125,846.29
50 SQ FT OPEN FILTER (SLIP) - 2x PACK,KA-10040,0,0,34.7835294117647059,22.0,0,4.0,10.0,30.0,less than a minute,36,0.0,36.0,490.65,36.1860606060606061,1282.65
50 SQ FT THREADED FILTER,KA-10033,198,0,27.9077777777777778,11.0,0,0,0,0,5 months,109,40.0,149.0,2416.67,62.86875,3615.67
50 SQ FT THREADED FILTER - 2x PACK,KA-10041,0,0,38.0935714285714286,22.0,0,0.0,0.0,0.0,less than a minute,16,0.0,16.0,247.98,41.6138461538461538,599.98
50 SQ FT THREADED FILTER MICROBAN,KA-10005,1378,2,52.3377777777777778,22.0,0,0,0,0,about 3 years,108,2.0,110.0,2675.9,61.56375,5051.9
50 SQ FT THREADED FILTER - MICROBAN - 2x PACK,KA-10042,0,0,66.67,44.0,0,0.0,0.0,0.0,less than a minute,1,0.0,1.0,22.67,34.0,66.67
5in Power Storm Directional Jet - s/s,KK-10474,19,5,33.33,7.95,0,0,0,0,over 2 years,2,0.0,2.0,50.76,76.15,66.66
5in Power Storm Massage Jet - Grey,KK-10483,60,1,29.16,7.48,0,0,0,0,almost 15 years,1,0.0,1.0,21.68,74.35,29.16
5in Power Storm Massage Jet - s/s,KK-10482,35,6,33.33,11.02,0,0,0,0,about 2 years,4,0.0,4.0,89.23,66.93,133.31
ABS TOP MOUNT COVER LIFTER BRACKET,KK-10140,92,0,30.5284210526315789,20.0,0,0,0,0,9 months,28,0.0,28.0,247.54,36.2182352941176471,807.54
ALBERTA PLATINUM 2007 - 2009 FULL PILLOW SET,KK-10719,0,0,0.0,0.0,0,0.0,0.0,0.0,less than a minute,1,0.0,1.0,0.0,0.0,0.0
ALBERTA SE 57 JET 6 PERSON HOT TUB,KH-10018,5,4,4250.6333333333333333,5000.0,0,0,0,0,4 months,4,0.0,4.0,-4746.16,-31.6966666666666667,15253.84
Alkalinity Booster,KA-10056,1108,0,8.5623809523809524,5.0,0,0,0,0,about 6 years,45,2.0,47.0,154.78,41.050952380952381,379.78
APW900 Heated Air Blower,KK-10325,19,9,94.735,31.03,0,0,0,0,4 months,9,0.0,9.0,581.53,77.16,860.8
Aromatherapy Canister for V2 PCU,KK-10756,70,2,1.6668,20.0,0,0,0,0,7 months,29,1.0,30.0,-538.33,52.0,41.67
Aromatherapy Canister - spa,KK-10209,25,0,19.885,3.61,50,0,0,0,about 3 years,2,0.0,2.0,32.55,81.575,39.77
"Ash Polymer PVC 2 Tier Portable Hot Tub Steps for Spa, Caravan, Camper",KF-10045,83,0,17.220952380952381,20.0,0,0,0,0,10 months,25,1.0,26.0,-138.36,69.26,361.64
Balboa 12in Heater Sensor,KK-10415,75,0,29.16,15.34,0,0,0,0,over 18 years,1,0.0,1.0,13.82,47.39,29.16
Balboa 2005LE Circuit Board (Ontario) p/n:52271,KK-10334,10,0,145.835,127.87,0,0,0,0,about 1 year,2,0.0,2.0,35.93,56.16,291.67
Balboa 2.0kW Heater with 2 x sensors,KK-10152,32,0,168.175,53.05,0,0,0,0,almost 4 years,2,0.0,2.0,230.25,68.455,336.35
Balboa 24in Heater Sensor,KK-10416,17,0,31.245,20.99,0,0,0,0,about 2 years,2,0.0,2.0,20.51,32.51,62.49
Balboa  2kw BP Heater,KK-10286,29,0,0.0,53.03,0,0,0,0,over 3 years,1,0.0,1.0,-53.03,0.0,0.0
Balboa 3.0KW Heater + p/switch,KK-10315,21,0,133.336,53.01,0,0,0,0,8 months,6,0.0,6.0,348.62,68.19,666.68
Balboa 3kw BP Heater,KK-10285,31,12,0.0,53.05,0,0,0,0,9 months,3,2.0,5.0,-159.15,0.0,0.0
Balboa 3KW Heater + 2 sensors,KK-10313,17,1,101.9466666666666667,53.05,0,0,0,0,4 months,7,1.0,8.0,315.33,52.258,686.68
Balboa 5.5kw Heater - BP series,KK-10009,4,0,208.33,56.59,0,0,0,0,12 months,1,0.0,1.0,151.74,72.84,208.33
Balboa Cable gland / locker,KK-10392,53,0,8.33,1.0,0,0,0,0,about 13 years,1,0.0,1.0,7.33,87.99,8.33
Balboa CPGS501z Circuit Board,KK-10287,16,0,0.0,124.66,0,0,0,0,almost 2 years,2,0.0,2.0,-249.32,0.0,0.0
Balboa CPGS501z Control pack,KK-10329,1,0,249.995,180.98,0,0,1.0,5.0,about 2 months,2,0.0,2.0,138.03,63.8,499.99
Balboa GS501SZ Circuit Board,KK-10290,7,0,0.0,97.92,0,0,0,0,11 months,1,0.0,1.0,-97.92,0.0,0.0
Balboa Haliburton Flow Switch,KK-10393,26,0,33.33,9.99,0,0,0,0,over 6 years,1,0.0,1.0,23.34,70.03,33.33
Balboa Heater wire to fuse or Terminal block - PREM7,KK-10714,4,0,8.33,3.0,0,0,0,0,6 months,2,0.0,2.0,10.67,64.0,16.67
Balboa ML551  7 button OVERLAY,KK-10279,9,0,8.33,3.63,0,0,0,0,about 2 years,1,0.0,1.0,4.7,56.42,8.33
Balboa ML551 - 7 button Topside p/n: 53503 - spa,KK-10263,12,6,148.1,57.47,0,0,0,6.0,5 months,7,0.0,7.0,624.89,61.19,1027.18
Balboa ML551 8 button Overlay,KK-10280,34,0,8.32,3.63,0,0,0,0,over 8 years,1,0.0,1.0,4.69,56.37,8.32
Balboa ML551 - 8 Button Topside p/n: 55600 (swim spa),KK-10263,12,0,166.66,61.51,0,0,0,0,almost 3 years,1,0.0,1.0,105.15,63.09,166.66
Balboa NanGL2000m3 Circuit Board - P/N: 55088,KK-10288,24,2,160.1725,138.39,0,0,0,0,about 1 year,4,0.0,4.0,87.13,34.2766666666666667,640.69
Balboa NANSGL2km3 (4pump) Swim Spa Control Pack,KK-10293,12,1,616.66,235.03,0,0,0,0,almost 3 years,1,0.0,1.0,381.63,61.89,616.66
Balboa NBP6013H Control Pack - p/n: 56751,KK-10328,34,2,0.0,157.46,0,0,0,0,over 1 year,3,0.0,3.0,-472.38,0.0,0.0
Balboa O Ring/Gasket for heater,KK-10139,293,0,3.5433333333333333,1.0,300,0,0,0,over 1 year,38,2.0,40.0,97.53,71.3158333333333333,135.53
Balboa Pressure Switch,KK-10394,3,0,0.0,9.99,0,0,0,0,2 months,2,5.0,7.0,-19.98,0.0,0.0
Balboa TP600 (J1) Topside Overlay,KK-10017,36,2,0.0,3.55,0,0,0,0,almost 2 years,4,0.0,4.0,-14.2,0.0,0.0
Balboa TP600 (J2) Topside Overlay,KK-10018,36,4,0.0,3.55,0,0,0,0,over 1 year,5,0.0,5.0,-17.75,0.0,0.0
Balboa TP600 (J3) Topside Overlay,KK-10019,44,2,0.0,3.55,0,0,0,0,over 5 years,2,0.0,2.0,-7.1,0.0,0.0
Balboa TP600 Topside Control - p/n: 50015-06,KK-10281,23,4,0.0,43.12,0,0,0,0,7 months,7,0.0,7.0,-301.84,0.0,0.0
Balboa VL200 3 button overlay mini oval,KK-10021,30,1,9.609,3.55,0,0,0,0,8 months,12,1.0,13.0,70.17,62.588,112.77
Balboa VL200 mini oval Topside - p/n: 52487,KK-10284,19,2,110.5066666666666667,35.49,0,0,0,0,over 1 year,3,1.0,4.0,225.05,67.6466666666666667,331.52
Balboa  VL404 3 button - OVERLAY,KK-10023,14,0,8.33,3.55,0,0,0,0,over 1 year,1,0.0,1.0,4.78,57.38,8.33
Balboa VL404 - 3 or 4 button Topside - p/n: 54145,KK-10338,6,0,133.33,41.28,0,0,0,0,4 months,3,0.0,3.0,276.15,69.04,399.99
Balboa VL404 4 Button Overlay,KK-10260,34,0,8.335,3.63,0,0,0,0,about 4 years,2,0.0,2.0,9.41,56.445,16.67
Balboa VL701s 7 button - OVERLAY,KK-10278,56,0,5.83,5.0,0,0,0,0,almost 14 years,1,0.0,1.0,0.83,14.28,5.83
Balboa VL701s 7 button Topside - p/n: 51057,KK-10339,18,0,77.78,44.88,0,0,0,0,over 4 years,1,0.0,1.0,32.9,42.3,77.78
Bar Stool,KF-10037,9,0,60.0,25.0,0,0,0,0.0,5 months,3,0.0,3.0,105.0,58.33,180.0
Basket Cover Lifter,KA-10061,139,3,119.4,45.0,0,0,0,0,about 3 years,8,0.0,8.0,475.8,53.208,835.8
Bluetooth Audio Upgrade,KA-10095,6,0,0.0,80.0,0,0,0,0,6 months,2,0.0,2.0,-160.0,0.0,0.0
Bluetooth Dongle / Receiver,KK-10866,0,0,33.33,5.0,50,0,0,0,less than a minute,1,0.0,1.0,28.33,85.0,33.33
BOTTOM MOUNT COVER LIFTER,KA-10026,26,3,104.7914705882352941,35.0,0,0,0,13.0,about 1 month,65,1.0,66.0,4142.77,67.6774193548387097,6417.77
Bungee Strap for Tether Pole on swim spa,KK-10571,7,0,0.0,40.0,0,0,0,0,over 1 year,1,0.0,1.0,-40.0,0.0,0.0
Cabinet Cover Lifter,KA-10028,-1,0,79.9,40.0,0,1.0,1.0,1.0,about 2 months,1,0.0,1.0,39.9,49.94,79.9
Cabinet Panel Corner - Coffee,KK-10032,2,1,0.0,50.0,0,0,0,0,3 months,1,0.0,1.0,-50.0,0.0,0.0
Calgary Plug & Play 24-Jet 4-Person Hot Tub - 50Hz,KH-10037,4,0,3631.9077777777777778,2200.0,0,0,0,5.0,about 1 month,9,0.0,9.0,12887.17,39.0644444444444444,32687.17
Call out/Labour Service Charge,KL-10004,-7,7,127.4983333333333333,48.0,0,0.0,0.0,0.0,-,24,2.0,26.0,1907.96,63.9204347826086957,3059.96
Canadian Spa Aromatherapy 6 Pack,KA-10039,2147,0,32.0208571428571429,14.0,0,0,0,0,almost 9 years,45,31.0,76.0,835.51,59.7237931034482759,1465.51
Canadian Spa Co. 5in/3in Tapered Brown Spa Cover,KC-10001,-1,3,294.7261111111111111,167.11,428,0,0,0,about 13 hours,27,49.0,76.0,1868.8,35.7904545454545455,7134.41
Canadian Spa Co. 5in/3in Tapered Grey Spa Cover,KC-10011,1,2,324.3316666666666667,153.97,353,0,0,0,about 24 hours,4,42.0,46.0,938.96,72.0383333333333334,1171.33
CANADIAN SPA FILTER FOR THE PRE 2012 MUSKOKA/HALIBURTON (DELUXE),KA-10085,47,0,12.63,4.0,0,0,0,0,5 months,27,1.0,28.0,225.33,66.8,333.33
Chlorine Granules,KA-10087,2348,29,16.12704,10.0,0,0,0,0,over 1 year,399,2.0,401.0,1774.18,39.0571929824561404,5764.18
Chlorine Tablets,KA-10048,914,5,15.2371875,10.0,0,0,0,0,about 5 years,44,0.0,44.0,210.97,43.3042857142857143,650.97
Circulation Pump: (LX) JA75,KK-10323,192,9,163.94,46.69,0,0,0,0,almost 4 years,6,0.0,6.0,668.01,71.3825,948.15
Circulation Pump: (LX) WTC50,KK-10322,23,0,0.0,44.06,0,0,0,0,10 months,3,2.0,5.0,-132.18,0.0,0.0
Circulation Pump: (Waterway) Tiny Might,KK-10324,15,0,104.165,87.21,0,0,0,0,about 1 year,2,0.0,2.0,33.91,58.14,208.33
Complete Hot Tub & Spa Chemical Kit,KA-10089,165,61,60.5521782178217822,60.0,0,0,0,81.0,about 2 months,235,4.0,239.0,-2880.68,-15.6104878048780488,11219.32
Controller 2in Water Divert Cap - Grey,KK-10653,64,1,4.17,14.0,0,0,0,0,almost 16 years,1,0.0,1.0,-9.83,-236.05,4.17
controller 2in WATER DIVERT - SPA,KK-10191,19,0,26.22,7.23,6,0,0,0,over 4 years,1,0.0,1.0,18.99,72.43,26.22
controller Air Control (Spa),KK-10184,14,2,17.49,3.03,12,0,0,0,over 1 year,1,1.0,2.0,14.46,82.68,17.49
controllers Water Diverter (Swim Spa),KK-10307,5,0,0.0,7.23,6,0,0,0,about 1 year,1,0.0,1.0,-7.23,0.0,0.0
controller Waterfall Control - SPA - Black/grey,KK-10159,21,13,21.5416666666666667,3.79,12,0,0,18.0,2 months,26,2.0,28.0,419.31,85.1466666666666667,522.55
Controller Waterfall - Grey (ww),KK-10651,8,0,24.4,7.71,6,0,0,0,almost 2 years,1,0.0,1.0,12.4,50.81,24.4
"Control - Stain and Scale Inhibitor, 500ml",KA-10055,905,5,16.2826595744680851,10.0,0,0,0,0,over 1 year,173,1.0,174.0,1118.39,39.2545348837209302,2848.39
Conversion Kit Portable PCU V2 to V1,KK-10759,0,4,8.6203448275862069,18.0,0,7.0,15.0,45.0,less than a minute,35,19.0,54.0,-275.84,56.798,354.16
CORNER PLANTER - SQUARE SURROUND FURNITURE,KF-10026,2,2,364.77,121.27,0,0,1.0,7.0,2 months,2,0.0,2.0,487.0,66.75,729.54
CORNER STEPS - SQUARE SURROUND FURNITURE,KF-10025,-1,1,260.0,189.03,0,3.0,7.0,19.0,5 days,1,0.0,1.0,70.97,27.3,260.0
Cover Clip (set 1x) - Flat Key Type (A),KK-10856,94,0,2.1925,4.0,0,0,0,0,over 4 years,5,0.0,5.0,-11.23,54.4,8.77
Cover Clip (set 1x) - Twist Key Type (B),KK-10819,98,0,4.998,5.0,0,0,0,0,over 1 year,17,0.0,17.0,-60.01,39.94,24.99
Cover Clip (set 4x) - Flat Key Type (A),KK-10354,125,3,23.945,20.0,0,0,0,0,about 5 years,6,0.0,6.0,34.19,37.1166666666666667,154.19
Cover Clip (set 4x) - Twist Key Type (B),KK-10843,19,0,33.29,25.0,0,0,0,0,over 4 years,1,0.0,1.0,8.29,24.9,33.29
Cradle Cover lifter,KA-10060,280,0,141.05,15.0,0,0,0,0,about 23 years,2,1.0,3.0,252.1,89.325,282.1
D2 Waterfall Controller LED - Black Ice,KK-10799,22,0,0.0,15.0,0,0,0,0,9 months,6,0.0,6.0,-90.0,0.0,0.0
Deliver & Position,KL-10005,1000,1,166.67,1.0,0,0,0,0,over 246 years,1,0.0,1.0,165.67,99.4,166.67
Drain Cap for Portable Spa,KK-10096,173,0,3.1966666666666667,2.0,0,0,0,0,over 1 year,25,0.0,25.0,37.51,48.0008333333333333,87.51
DRAIN VALVE ASSEMBLY - ACRYLIC SPAS,KK-10148,21,3,51.2828571428571429,9.06,0,0,0,0,5 months,10,0.0,10.0,440.53,84.7266666666666667,531.13
Drain Valve Cap,KK-10355,43,0,6.2475,1.19,0,0,0,0,over 2 years,4,0.0,4.0,20.23,85.71,24.99
DRAIN VALVE HOSE ADAPTER,KK-10147,32,0,7.0484615384615385,2.72,0,0,0,0,7 months,13,0.0,13.0,56.27,67.3336363636363636,91.63
Duck Floating Dispenser,KA-10057,628,1,17.9644444444444444,7.0,0,0,0,0,about 17 years,9,0.0,9.0,98.68,60.3322222222222222,161.68
Extended 2 Year Warranty,KL-10009,989,0,680.5566666666666667,1.0,0,0.0,0.0,0.0,-,3,0.0,3.0,2038.67,99.85,2041.67
Filter 100 SQ FT - Fine Thread - 2PK,KA-10106,4,0,125.0,60.0,0,0,0,0,6 months,1,0.0,1.0,65.0,52.0,125.0
Filter Cleaner ( 1KG ),KA-10011,-2,0,11.5155555555555556,4.0,0,13.0,26.0,74.0,3 days,69,2.0,71.0,520.84,66.3368627450980392,796.84
Filter Housing 3x Tier Telescopic Weir - Grey,KK-10670,13,0,29.54,10.0,0,0,0,0,over 1 year,2,0.0,2.0,39.08,66.15,59.08
Filter Housing Filter Basket - Grey,KK-10671,12,0,22.155,10.0,0,0,0,0,over 1 year,2,0.0,2.0,24.31,54.865,44.31
Filter Housing Floating Trim Ring - Grey WW,KK-10669,13,0,29.54,6.0,0,0,0,0,over 1 year,2,0.0,2.0,47.08,79.685,59.08
Filter Housing Lid for V1 PCU,KK-10371,0,0,16.6616666666666667,1.0,0,0.0,2.0,6.0,less than a minute,6,0.0,6.0,93.97,94.0,99.97
Floating Tablet Dispenser,KA-10113,527,0,24.0,7.0,0,0,0,0,almost 65 years,1,0.0,1.0,17.0,70.83,24.0
Foam Free ( defoamer ),KA-10054,1092,2,12.69,7.5,0,0,0,0,about 5 years,51,2.0,53.0,262.22,41.8540540540540541,644.72
Foam Panel for Swift Current (no holes),KK-10116,151,0,0.0,12.0,0,0,0,0,over 3 years,11,0.0,11.0,-132.0,0.0,0.0
Foam Panel Swift Current V2 (3 Holes),KK-10770,4,0,0.0,20.0,0,0,0,0,4 months,3,0.0,3.0,-60.0,0.0,0.0
FOAM WALL PANEL: MUSKOKA V2 (WITH HOLES),KK-10877,3,3,0.0,30.0,0,0.0,4.0,18.0,19 days,10,0.0,10.0,-300.0,0.0,0.0
FOAM WALL PANEL: MUSKOKA V2 (W/O HOLES),KK-10876,6,6,0.0,30.0,0,0,0,0,about 2 months,5,0.0,5.0,-150.0,0.0,0.0
Fraser Gazebo 10ft x 10ft - Coffee,KF-10009,-1,2,2750.0,1800.0,0,1.0,2.0,4.0,11 days,1,0.0,1.0,950.0,34.55,2750.0
Full back garden delivery,KL-10011,922,13,305.283030303030303,0.0,0,0,0,0,almost 5 years,44,1.0,45.0,12620.89,100.0,12620.89
Gasket for Portable Spa Pipes (V1),KK-10421,200,0,3.475,0.5,0,0,0,0,over 3 years,15,24.0,39.0,30.0,88.0,37.5
Gasket for Portable Spa Pipes (V1) - 6 PACK,KK-10861,0,0,7.7075,3.0,0,0.0,0.0,0.0,less than a minute,4,0.0,4.0,18.83,60.0,30.83
GLACIER MICROBAN 100 SQ FT FILTER SET - 2 PACK & PRE-FILTER ( Fresh Water Kit ),KA-10032,627,57,85.0865340909090909,35.0,1206,0,0,0,5 months,311,7.0,318.0,15432.37,60.2728025477707006,26317.37
GLACIER PRE-FILTER SCREENS - 2 PACK,KA-10031,85,6,13.4136363636363636,6.0,0,0,0,0,9 months,20,0.0,20.0,150.25,57.892,270.25
Grand Rapids V2 Spa Coffee,KP-10014,0,0,749.17,250.0,0,0.0,0.0,0.0,less than a minute,1,0.0,1.0,499.17,66.63,749.17
Haliburton / Muskoka Hard Top Cover,KC-10052,-3,0,192.5033333333333333,0.0,0,3.0,5.0,9.0,about 2 months,3,0.0,3.0,577.51,100.0,577.51
HALIFAX SE 2016 22 JET 4 PERSON SPA,KH-10020,2,1,3290.0,3000.0,0,0,2.0,10.0,7 days,7,0.0,7.0,2030.0,8.81,23030.0
Hard Top Cover Upgrade - Rio Grande V2,KC-10187,0,1,188.0,150.0,0,1.0,4.0,12.0,less than a minute,1,0.0,1.0,38.0,20.21,188.0
Hard Top Cover Upgrade - Swift Current V1 / V2,KC-10051,-9,3,250.0,150.0,245,0,0,0,8 days,1,31.0,32.0,100.0,40.0,250.0
Head Rest - Weighted 2PK Black,KA-10093,31,0,83.325,40.0,0,0,0,0,almost 4 years,2,0.0,2.0,86.65,51.995,166.65
Heater 1.5Kw w/o Pressure Switch,KK-10845,84,0,60.0,60.0,0,0,0,0,-,0,5.0,5.0,0.0,0.0,0.0
Hot Tub Aromatherapy Spa Fragrance Individual,KA-10012,3694,6,7.7855494505494506,3.0,0,0,0,0,over 4 years,187,3.0,190.0,861.91,65.9985949178597374,1422.91
Hot Tub: Ex-Display / Demonstration. Specification as listed.,KH-10039,27,8,3981.56,0.0,0,0,0,0,4 months,18,0.0,18.0,71644.85,100.0,71644.85
hourly Service charge,KL-10002,990,9,63.805,30.0,0,0.0,0.0,0.0,-,13,1.0,14.0,430.49,52.81625,820.49
Inline RCD (no cable),KK-10855,2,0,30.0,12.0,0,0,0,0,6 months,1,0.0,1.0,18.0,60.0,30.0
Inline RCD  Plug & Play lead - Euro,KK-10403,16,0,0.0,13.53,0,0,0,0,almost 2 years,1,0.0,1.0,-13.53,0.0,0.0
Jet Body - For Hurricane Style Jets,KK-10185,-4,0,10.71666666666666666667,5.0,0,5.0,7.0,13.0,2 months,5,0.0,5.0,25.83,66.4975,53.81
Kelowna SF Hot Tub,KH-10041,5,2,3333.33,3000.0,0,0,0,4.0,5 months,1,0.0,1.0,333.33,10.0,3333.33
KINGSTON SE 55 JET 7 PERSON SPA,KH-10019,0,0,6137.51,5000.0,0,3.0,7.0,21.0,less than a minute,1,0.0,1.0,1137.51,18.53,6137.51
LARGE BOSTON INFLATION CHECK VALVE,KK-10686,204,0,0.9375,5.0,0,0,0,0,over 5 years,9,0.0,9.0,-37.5,33.33,7.5
Large Directional Jet (5in) - Hurricane,KK-10052,119,104,27.7458333333333333,7.47,150,0,0,0,3 months,124,2.0,126.0,3082.98,75.1036363636363636,4009.26
Large Directional Jet (5in) - Stainless Steel,KK-10073,79,0,29.0825,5.08,0,0,0,0,11 months,6,0.0,6.0,137.64,82.2075,168.12
Large inlet & outlet caps (2013 prior pack of 2),KK-10681,12,0,2.085,3.0,0,0,0,0.0,9 months,4,0.0,4.0,-7.83,28.06,4.17
Large Massage Jet (5in) - Hurricane,KK-10053,81,5,26.31625,7.24,150,0,0,0,8 months,30,4.0,34.0,577.73,73.2213333333333333,794.93
Large Massage Jet (5in) - Stainless Steel,KK-10074,52,0,28.7671428571428571,4.95,0,0,0,0,11 months,14,0.0,14.0,320.63,82.5914285714285714,389.93
Large Yukon Lounger Pillow - 2x Tone grey,KK-10680,11,0,12.915,14.0,0,0,0,0,over 1 year,2,0.0,2.0,-2.17,45.79,25.83
Lid Bladder - Grand Rapids V2,KK-10773,12,0,0.0,30.0,0,0,0,0,4 months,8,0.0,8.0,-240.0,0.0,0.0
Lid Bladder - Muskoka V2,KK-10764,6,0,0.0,30.0,0,0,0,0.0,4 months,4,0.0,4.0,-120.0,0.0,0.0
Lid Bladder - Rio Grande V1/Grand Rapids V1,KK-10080,58,1,16.666,1.0,0,0,0,0,almost 3 years,5,0.0,5.0,78.33,98.8,83.33
Lid Bladder - Rio Grande V2,KK-10767,17,0,27.7766666666666667,30.0,0,0,0,0,over 1 year,3,0.0,3.0,-6.67,64.0,83.33
Lid Bladder - Swift Current V1,KK-10090,30,0,64.8233333333333333,30.0,0,0,0,0,9 months,8,1.0,9.0,248.94,52.4466666666666667,488.94
Lid Bladder - Swift Current V2,KK-10847,12,0,3.4615384615384615,30.0,0,0,0,3.0,2 months,16,0.0,16.0,-390.0,33.33,90.0
Lid Complete - Rio Grande V1/Grand Rapids V1,KK-10076,36,0,39.0,35.0,0,0,0,0,almost 2 years,5,0.0,5.0,20.0,43.7466666666666667,195.0
Lid Complete - Swift Current V1 (Tan),KK-10086,57,0,14.0625,60.0,0,0,0,0,over 1 year,9,0.0,9.0,-427.5,-10.455,112.5
Lid Complete - Swift Current V2,KK-10821,0,0,0.0,50.0,0,0.0,2.0,6.0,less than a minute,9,0.0,9.0,-450.0,0.0,0.0
Lid for Filter - V1 PCU (portables),KK-10371,171,1,8.33,20.0,0,0,0,0,about 21 years,2,0.0,2.0,-23.34,-20.06,16.66
Lid for Rio Grande/Grand Rapids V1 (on top) with Flapper Valve,KK-10075,48,0,0.0,60.0,0,0,0,0,almost 12 years,1,0.0,1.0,-60.0,0.0,0.0
Lid Vinyl - Grand Rapids V2,KK-10769,22,0,0.0,15.0,0,0,0,0,over 2 years,2,0.0,2.0,-30.0,0.0,0.0
Lid Vinyl - Rio Grande V2,KK-10766,4,0,0.0,15.0,0,0,0,0,12 months,1,0.0,1.0,-15.0,0.0,0.0
Lighting 0.75in Perimeter Lens,KK-10217,217,0,1.11,0.9,0,0,0,0,about 2 years,24,0.0,24.0,28.28,72.93,49.88
Lighting 15 LED Main Light Bulb (swimspa) - p/n: 902-1,KK-10543,16,0,89.05,22.55,0,0,0,0,almost 4 years,1,0.0,1.0,66.5,74.68,89.05
Lighting 28 LED Main Light Bulb - spa,KK-10213,90,0,46.652,14.49,0,0,0,0,over 4 years,5,0.0,5.0,160.81,81.2866666666666667,233.26
Lighting 2x LED Perimeter Light - spa -p/n: 850,KK-10212,153,2,0.0,7.21,0,0,0,0,about 4 years,8,0.0,8.0,-57.68,0.0,0.0
Lighting 3in Light Lens/housing,KK-10546,15,0,14.56,8.0,0,0,0,0,over 3 years,1,0.0,1.0,6.56,45.04,14.56
Lighting 5in Light Lens - swim spa,KK-10548,10,0,36.27,10.78,0,0,0,0,about 1 year,2,0.0,2.0,50.98,70.28,72.54
Lighting 7 LED Main Light Bulb - small - spa,KK-10542,22,1,0.0,6.32,0,0,0,0,over 5 years,1,0.0,1.0,-6.32,0.0,0.0
LIGHTING Bulb to Loop link wire - spa - p/n: 998-1,KK-10210,82,0,0.0,7.21,0,0,0,0,about 20 years,1,0.0,1.0,-7.21,0.0,0.0
LIGHTING LOOP LINKAGE - spa - p/n: 999,KK-10211,93,0,0.0,7.21,0,0,0,0,over 11 years,2,0.0,2.0,-14.42,0.0,0.0
Lighting Main Light Lead,KK-10215,79,0,0.0,4.5,0,0,0,0,almost 5 years,2,0.0,2.0,-9.0,0.0,0.0
Lounger Rugby ball pillow 01/07 - Black,KK-10678,13,0,20.83,14.0,0,0,0,0,over 1 year,1,0.0,1.0,6.83,32.79,20.83
Marketing Materials,KM-00000,-37,0,6.1111111111111111,0.0,100,0.0,0.0,0.0,-,23,0.0,23.0,110.0,100.0,110.0
Medium Directional Jet (3.5in) - Hurricane,KK-10050,207,119,17.515,4.53,250,0,0,0,4 months,156,4.0,160.0,2854.62,76.7858333333333333,3561.3
Medium Directional Jet (3.5in) - Stainless Steel,KK-10071,80,0,20.3114285714285714,3.96,0,0,0,0,10 months,20,0.0,20.0,318.99,80.3142857142857143,398.19
Medium Massage Jet (3.5in) - Hurricane,KK-10051,144,11,19.4,4.53,150,0,0,0,9 months,43,5.0,48.0,604.39,76.94625,799.18
Medium Massage Jet (3.5in) - Stainless Steel,KK-10072,114,0,17.0542857142857143,4.22,0,0,0,0,over 1 year,16,0.0,16.0,221.39,78.61,288.91
Microban Portable filters 4 Pack,KA-10010,993,6,40.4783695652173913,7.0,3780,0,0,0,over 1 year,142,33.0,175.0,4231.05,81.2944155844155844,5225.05
Mp3 Amp 2015 - Silver (volume control),KK-10436,35,4,0.0,45.44,0,0,0,0,9 months,8,0.0,8.0,-363.52,0.0,0.0
MP3 Housing - 2012/14,KM-10001,7,0,25.0,16.0,0,0,0,0,over 1 year,1,0.0,1.0,9.0,36.0,25.0
Mp3 LED Pop-up Speaker - spa,KK-10043,119,6,55.4025,30.56,0,0,0,0,over 2 years,8,0.0,8.0,110.87,45.87,355.35
Mp3 On/Off Volume Controller,KK-10437,26,0,16.665,13.63,0,0,0,0,over 1 year,3,0.0,3.0,-7.56,59.11,33.33
MP3 Player Audio Kit,KK-10693,187,0,0.0,100.0,0,0,0,0,about 23 years,2,0.0,2.0,-200.0,0.0,0.0
MP3 POWER SUPPLY,KK-10005,15,2,0.0,15.0,0,0,0,0,5 months,6,0.0,6.0,-90.0,0.0,0.0
Muskoka V2 Foam Spa Charcoal,KP-10011,5,1,846.0,600.0,0,2.0,12.0,46.0,14 days,4,0.0,4.0,984.0,29.08,3384.0
Muskoka V2 Foam Spa Coffee,KP-10012,-2,0,1247.22,600.0,0,17.0,36.0,104.0,2 days,3,0.0,3.0,1941.66,51.8933333333333333,3741.66
NBP6013H Circuit Board,KK-10536,14,0,0.0,138.39,0,0,0,0,7 months,4,0.0,4.0,0.0,0.0,0.0
Neck Blaster Pillow 2001/07 - Black/Grey,KK-10677,7,0,27.08,14.0,0,0,0,0,5 months,3,0.0,3.0,45.48,45.39,87.48
NIAGARA 60 JET 7 PERSON SPA,KH-10024,1,0,6150.0,5000.0,0,0,1.0,5.0,15 days,2,0.0,2.0,2300.0,18.65,12300.0
O3 Ozone generator,KK-10141,4,2,57.9027272727272727,31.47,36,0,0,0,16 days,15,0.0,15.0,164.88,68.975,636.93
[OBSOLETE] Pillow Big Arc 2007 to 09 - Grey,KK-10447,18,3,16.665,15.0,0,0,0,0,about 2 years,2,1.0,3.0,3.33,55.0,33.33
[OBSOLETE] Pillow Can Lounger Pillow 2007/09 - Grey,KK-10448,6,0,29.16,14.0,0,0,0,0,over 1 year,1,1.0,2.0,15.16,51.99,29.16
[OBSOLETE] Pillow Mid Arc 2010 - Grey,KK-10446,1,0,36.94,14.0,0,0.0,2.0,8.0,about 1 month,3,0.0,3.0,68.83,62.11,110.83
[OBSOLETE] Pillow Neck Massage  - Grey,KK-10445,20,0,29.16,14.0,0,0,0,0,almost 5 years,1,1.0,2.0,15.16,51.99,29.16
ONCE YEARLY - GOLD FULL MAINTENANCE SERVICE - spa,KL-10010,987,0,260.665,1.0,0,0.0,0.0,0.0,-,12,0.0,12.0,3161.31,99.6566666666666667,3173.31
Ontario 35 JET 5 PERSON SPA,KH-10028,2,3,2800.0,2400.0,0,0,0.0,4.0,about 1 month,2,0.0,2.0,800.0,14.29,5600.0
Ozone Mixing Chamber,KK-10375,47,0,44.36,13.59,0,0,0,0,over 11 years,1,0.0,1.0,30.77,69.36,44.36
Ozone Non Return Valve,KK-10373,20,0,8.58,3.18,30,0,0,0,10 months,5,0.0,5.0,26.74,62.8925,42.64
Panel Fixing Strip (Spa Cabinet) - Charcoal,KK-10237,16,0,15.0,7.0,0,0,0,0,12 months,4,0.0,4.0,32.0,53.33,60.0
Panel MRSPA E2 Mothership Part no. CS52864C,KK-10343,1,1,182.75,75.0,0,0.0,2.0,8.0,about 1 month,1,0.0,1.0,107.75,-23.12,182.75
PCB for Portable Control Unit V1 (display PCB),KK-10128,48,0,72.915,37.5,0,0,0,0,almost 3 years,2,0.0,2.0,70.83,40.34,145.83
pH Down ( 1KG ),KA-10050,1133,0,9.2505555555555556,3.0,0,0,0,0,over 13 years,20,1.0,21.0,123.19,67.9594117647058824,183.19
Pheonix Lounge Pillow - Black/grey,KK-10716,-2,0,33.33,14.0,0,2.0,2.0,2.0,3 months,2,0.0,2.0,38.65,57.99,66.65
Pheonix slotted Banana Pillow - Black/grey,KK-10717,3,0,33.33,15.0,0,0,0,0,5 months,2,0.0,2.0,36.65,54.99,66.65
pH Up ( 750g ),KA-10051,1057,3,8.5169444444444444,3.0,0,0,0,0,about 5 years,51,0.0,51.0,283.73,65.1565714285714286,436.73
Pillow Big Arc 2001to07 - Black,KK-10673,1,0,29.16,15.0,0,0,0,0,3 months,1,0.0,1.0,14.16,48.55,29.16
Pillow - Black Ice,KK-10735,5,0,0.0,25.0,0,0,0,0,5 months,3,0.0,3.0,-75.0,0.0,0.0
Pillow BREAD 2013 - Black,KK-10146,734,1,20.2193478260869565,4.53,0,0,0,0,12 months,153,3.0,156.0,2195.77,27.9068571428571429,2888.86
Pillow Bread with LOGO 2016 - Black,KK-10145,53,4,25.6377142857142857,8.49,290,0,0,0,about 1 month,107,0.0,107.0,1673.66,74.6427272727272727,2859.38
Pillow Clips,KK-10423,149,1,124.994,0.55,100,0,0,0,over 3 years,10,0.0,10.0,619.02,99.5525,624.97
Pillow EVA Cup Holder 2013 - Black,KK-10441,11,0,20.7933333333333333,14.0,0,0,0,0,11 months,3,3.0,6.0,20.38,54.92,62.38
Pillow Eva U-Shape 2013 - Black,KK-10444,67,0,0.0,14.0,0,0,0,0,over 16 years,1,0.0,1.0,-14.0,0.0,0.0
Pillows Mid Arc - Black,KK-10673,4,0,29.16,10.49,6,0,0,0,4 months,3,6.0,9.0,56.01,64.03,87.48
Pipe Connector for V2 Portables,KK-10753,92,14,0.76869565217391304348,3.0,0,0,0,0,5 months,52,228.0,280.0,-109.29,65.75,46.71
PLANTER - ROUND SPA SURROUND FURNITURE,KF-10004,10,4,135.62,99.99,0,0,0,2.0,5 months,6,62.0,68.0,213.77,21.7466666666666667,813.71
Plumbing 1in Ball Valve,KK-10600,12,0,0.0,4.0,0,0,0,0,over 1 year,1,0.0,1.0,-4.0,0.0,0.0
plumbing 2in Heater Split Nut (union),KK-10353,29,0,9.9925,3.99,30,0,0,0,9 months,10,2.0,12.0,59.36,59.355,99.26
plumbing 2in Heater Tail Piece,KK-10352,1,0,8.56,3.99,50,0,0,0,about 1 month,3,0.0,3.0,13.93,53.34,25.9
Plumbing: Fitting 3/4in SB Coupling,KK-10270,355,0,2.94,1.51,250,0,0,0,over 3 years,22,0.0,22.0,20.61,31.9,64.61
Plumbing: Fitting Reducer Soc x Spig,KK-10599,67,0,4.16,0.45,0,0,0,0,over 16 years,1,0.0,1.0,3.71,89.18,4.16
Plumbing: Fitting Straight Coupler/Socket,KK-10243,74,0,3.605,0.72,0,0,0,0,over 1 year,14,10.0,24.0,11.22,84.44,21.63
Plumbing: Fitting Street Elbow 45,KK-10585,38,0,5.8116666666666667,0.81,0,0,0,0,over 2 years,4,0.0,4.0,21.47,86.0033333333333334,24.89
Plumbing: Manifold 2in | 2x 3/4in Port,KK-10199,-2,0,8.835,2.0,0,2.0,2.0,2.0,3 months,2,0.0,2.0,13.67,77.36,17.67
Plumbing: Manifold 2in | 4x 3/4in RB Port,KK-10200,19,0,9.6075,3.0,0,0,0,0,6 months,7,0.0,7.0,46.27,68.7775,67.27
Plumbing: Manifold 2in | 6x 3/4in RB Port,KK-10201,-11,0,11.07,3.0,0,11.0,13.0,17.0,3 months,7,0.0,7.0,56.49,72.9033333333333333,77.49
Plumbing: Manifold Air 1in | 8x 3/8in Port,KK-10625,-2,0,7.49,1.0,0,2.0,4.0,8.0,3 months,2,0.0,2.0,12.98,86.65,14.98
Plumbing: Manifold Plug,KK-10198,333,0,2.419375,0.83,0,0,0,0,over 6 years,13,0.0,13.0,28.04,66.17875,39.64
Plumbing: Pipe (Flexi),KK-10221,175,10,6.9557142857142857,2.5,0,0,0,0,about 2 years,18,10.0,28.0,71.02,66.9808333333333334,115.02
Plumbing: Pump Union,KK-10262,297,0,4.652,2.0,0,0,0,0,about 9 years,7,0.0,7.0,13.64,59.8,27.64
Portable Control Unit ( PCU )  FILTER HOUSING O-RING,KK-10109,120,1,3.8180392156862745,5.0,0,0,0,0,4 months,83,0.0,83.0,-85.79,-18.3878260869565217,329.21
Portable Control Unit V1,KK-10683,4,2,171.0907692307692308,200.0,0,0,4.0,20.0,21 days,15,4.0,19.0,-742.49,-131.03,2257.51
Portable Control Unit V1 REFURBISHED,KK-10684,18,0,172.9175,150.0,0,0,0,0,2 months,14,0.0,14.0,558.33,16.695,2658.33
Portable Control Unit V2,KK-10740,-8,8,164.4315555555555556,200.0,0,24.0,43.0,113.0,8 days,70,19.0,89.0,-4165.35,20.8823809523809524,9834.65
Portable Control Unit V2 Refurbished (UK Plug),KK-10822,10,0,250.0,150.0,0,0,0,0,8 months,4,23.0,27.0,400.0,54.5233333333333333,1000.0
Portable Control Unit V2 Refurb. (UK Plug) with V1/V2 Conversion Kit,KK-10857,0,0,310.0488235294117647,183.0,0,1.0,4.0,12.0,less than a minute,18,0.0,18.0,2236.33,6.7282352941176471,5458.33
Portable Control Unit V2 with Adaptors to fit V1 Spas (UK Plug),KK-10809,0,0,328.8913333333333333,218.0,0,4.0,9.0,27.0,less than a minute,19,0.0,19.0,2089.98,25.0823076923076923,6231.98
PORTABLE DRAIN HOSE,KK-10682,93,3,2.0825,3.0,0,0,0,0,over 4 years,5,0.0,5.0,1.67,64.0,16.67
Portable Pool & Spa Chemical Kit,KA-10088,796,23,34.3054385964912281,18.06,0,0,0,0,over 1 year,96,31.0,127.0,1483.34,29.925531914893617,3217.1
PORTABLE SPA FILTERS - 4 PACK,KA-10090,3983,5,34.7063636363636364,10.0,0,0,0,0,over 9 years,78,0.0,78.0,1962.97,61.2482692307692308,2742.97
PORTABLE SPA INFLATION HOSE V1,KK-10108,80,1,2.2958823529411765,10.0,0,0,0,0,about 1 year,19,1.0,20.0,-150.97,22.9066666666666667,39.03
Portables Thermal Spa Blanket,KK-10112,-8,1,9.72,14.0,0,10.0,14.0,26.0,about 2 months,13,0.0,13.0,-65.36,22.9733333333333333,116.64
Proline 4in/3in Tapered Brown Spa Cover 1 Year Warranty,KC-10189,0,0,265.4785841836734694,166.66,0,11.0,25.0,75.0,less than a minute,47,0.0,47.0,3569.55,29.4097321428571429,12969.55
Proline 4in/3in Tapered Grey Spa Cover 1 Year Warranty,KC-10196,0,1,290.693234693877551,153.97,0,17.0,37.0,111.0,less than a minute,42,0.0,42.0,3912.5,32.4285714285714286,12262.77
Pump: 3hp 2in X 2in (LX) LP300 1-Speed,KK-10864,-1,0,0.0,100.0,0,1.0,2.0,4.0,about 2 months,1,0.0,1.0,-100.0,0.0,0.0
Pump: 3HP 2in x 2in (LX) WP300 2-Speed,KK-10317,131,10,195.3916666666666667,126.58,0,0,0,0,over 1 year,21,0.0,21.0,1109.57,34.089,3767.75
Pump: 4HP 2.6in x 2in (LX) WP300 2-Speed,KK-10318,139,13,224.8536666666666667,126.56,0,0,0,0,6 months,41,0.0,41.0,2389.98,0.7375,7578.94
Pump: 5HP 2.5in x 2.5in (LX) WP500 2-Speed,KK-10319,123,3,111.0188888888888889,134.69,0,0,0,0,over 1 year,12,0.0,12.0,-617.11,73.04,999.17
Pump: (Waterway) Executive Euro 1-Speed,KK-10320,10,0,386.81,120.29,0,0,0,0,over 2 years,1,0.0,1.0,266.52,68.9,386.81
Pump: (Waterway) Executive Euro 2-Speed,KK-10321,21,1,375.83,122.98,20,0,0,0,8 months,4,2.0,6.0,896.1,59.19,1503.32
QUEBEC 29 JET 3 PERSON SPA,KH-10022,1,1,3487.766,2400.0,0,0.0,2.0,8.0,13 days,5,0.0,5.0,5438.83,31.098,17438.83
RCD In-Line With EU Plug 7m Cable,KK-10733,8,0,35.1,30.0,0,0,0,0,6 months,3,0.0,3.0,15.3,42.63,105.3
Repair of Portable Control Unit,KL-10003,690,14,57.2970689655172414,25.0,0,0,0,0,9 months,221,7.0,228.0,7283.09,49.1,12808.09
RIO GRANDE V1 INFLATABLE SPA,KP-10028,10,10,332.5,0.0,0,0,0,0,10 months,2,0.0,2.0,215.0,32.33,665.0
Rio Grande V2 Foam Spa Coffee,KP-10010,1,1,681.5,400.0,0,9.0,21.0,65.0,1 day,5,0.0,5.0,1407.5,41.31,3407.5
Roller Cover lifter,KA-10029,103,1,41.33125,35.0,0,0,0,0,6 months,48,0.0,48.0,252.27,15.12375,1932.27
Round Hot Tub Cover Weather Guard / Spa Cap,KA-10022,74,0,41.377,15.0,0,0,0,0,almost 2 years,10,0.0,10.0,263.77,62.608,413.77
Round Spa Surround Furniture: 5 Piece Set,KF-10006,0,2,233.3333333333333333,600.0,0,1.0,4.0,12.0,less than a minute,4,31.0,35.0,-1350.0,-71.43,1050.0
SCF Filter Cover Locking Screws,KK-10153,31,12,4.2088888888888889,2.0,40,0,0,0,4 months,25,0.0,25.0,53.93,56.93,103.93
SCF Filter Screw Caps,KK-10154,139,4,2.462,1.0,0,0,0,0,almost 3 years,12,0.0,12.0,18.46,74.3333333333333333,30.46
SCF Filter top Cover,KK-10182,8,2,61.59,21.84,10,0,0,0,3 months,6,0.0,6.0,195.63,35.746,326.67
SIDE TABLE - ROUND SPA SURROUND FURNITURE,KF-10003,34,5,128.7975,99.99,0,0,0,0,about 1 year,5,0.0,5.0,161.43,17.0275,661.38
SILVER MAINTENANCE SERVICE - spa,KL-10015,994,3,216.67,1.0,0,0.0,0.0,0.0,-,7,0.0,7.0,1509.69,99.54,1516.69
Skimmer Basket Haliburton/Muskoka pre 2012,KK-10771,11,0,41.66,10.0,0,0,0,0,5 months,7,0.0,7.0,221.62,76.0,291.62
Skimmer Net with Telescopic Handle,KA-10114,49,0,16.67,5.0,0,0,0,0,about 12 years,1,0.0,1.0,11.67,70.0,16.67
Small Boston Inflation Check Valve,KK-10095,108,0,4.9455555555555556,2.0,0,0,0,0,almost 2 years,17,0.0,17.0,62.04,75.245,96.04
Small Directional Jet 2.25in - Hurricane,KK-10040,111,0,15.3433333333333333,3.62,0,0,0,0,almost 2 years,15,0.0,15.0,161.65,76.1466666666666667,215.95
Small Directional Jet (2in) - Hurricane,KK-10047,128,70,12.5644,2.71,50,0,0,44.0,2 months,190,14.0,204.0,2052.1,78.8843478260869565,2567.0
Small Directional Jet 2in - Stainless Steel,KK-10069,71,0,11.45,1.89,0,0,0,0,2 months,63,0.0,63.0,605.34,83.345,724.41
Small Massage Jet 2.25in - Hurricane,KK-10041,120,0,14.16,3.62,0,0,0,0,over 3 years,9,0.0,9.0,94.86,74.44,127.44
Small Massage Jet (2in) - Hurricane,KK-10049,183,23,13.8370588235294118,2.71,100,0,0,0,6 months,94,14.0,108.0,969.62,79.2911764705882353,1224.36
Small Massage Jet (2in) - Stainless Steel,KK-10070,148,0,10.93,2.39,0,0,0,0,12 months,35,0.0,35.0,298.54,77.975,382.19
Small Point Jet (2in) - Hurricane,KK-10046,200,57,12.2133333333333333,2.71,50,0,0,0,9 months,63,3.0,66.0,804.54,76.9866666666666667,975.27
Small Point Jet (2in) - Stainless Steel - 818s,KK-10067,57,0,11.1075,2.71,0,0,0,0,over 1 year,11,0.0,11.0,90.69,75.3175,120.5
SMALL PORTABLE SPA INLET / OUTLET JET CAP,KK-10163,34,4,1.8108571428571429,1.97,0,0,0,29.0,about 1 month,74,1.0,75.0,-15.79,53.2453333333333333,129.99
Small Threaded Circulation Jet (2in) - Hurricane,KK-10054,44,0,13.28,2.71,10,0,0,0,almost 11 years,1,0.0,1.0,10.57,79.59,13.28
Small Yukon Lounger Pillow - 2x Tone grey,KK-10679,11,0,12.915,14.0,0,0,0,0,11 months,3,0.0,3.0,9.65,45.79,51.65
Spa Ball,KA-10003,3937,5,17.39546875,10.0,0,0,0,0,3 months,4065,3.0,4068.0,-5527.81,40.4095238095238095,35122.19
Spa Bladder - Grand Rapids V1,KK-10002,64,1,194.4466666666666667,125.0,0,0,0,0,over 5 years,3,0.0,3.0,208.34,33.3333333333333333,583.34
Spa Bladder - Grand Rapids V2,KK-10761,62,2,0.0,200.0,0,0,0,0,over 1 year,12,0.0,12.0,-2400.0,0.0,0.0
Spa Body (Liner Set with Bladder) - Rio Grande V1,KK-10121,0,2,51.834,100.0,0,3.0,7.0,21.0,less than a minute,19,0.0,19.0,-1022.49,40.9825,877.51
Spa Clear  - Clarifier and Flocculant - ( 500ml ),KA-10053,1061,2,16.2609615384615385,10.0,0,0,0,0,over 1 year,200,4.0,204.0,1082.54,33.440990099009901,3082.54
Spa Delivery,KL-10007,83,2,335.82875,1.0,0,0,0,0,about 2 years,9,0.0,9.0,3094.29,99.775,3103.29
SPA HEALTH CHECK SERVICE,KL-10020,998,0,133.33,75.0,0,0.0,0.0,0.0,-,1,0.0,1.0,58.33,43.75,133.33
Spa Liner Set - Muskoka 2012/16,KK-10124,0,1,233.164,0.0,0,0.0,0.0,0.0,less than a minute,9,0.0,9.0,1165.82,100.0,1165.82
Spa Liner Set - Muskoka V2,KK-10765,16,3,0.0,50.0,0,0,0,0,4 months,10,0.0,10.0,-500.0,0.0,0.0
Spa Liner Set - Rio Grande V2,KK-10768,38,0,0.0,200.0,0,0,0,0,about 1 year,9,0.0,9.0,-1800.0,0.0,0.0
Spa Liner Set - Swift Current V2,KK-10762,70,3,10.9431578947368421,200.0,0,0,0,0,7 months,29,3.0,32.0,-4968.34,27.86,831.66
Spa Liner Set - Swift Currrent V1,KK-10122,29,1,245.5812903225806452,200.0,0,0,0,16.0,2 months,36,2.0,38.0,1107.45,30.4714285714285714,8307.45
Spa Shock - Shock Treatment For Your Hot Tub Water. ( 1KG ),KA-10047,940,1,16.5457575757575758,6.0,0,0,0,0,about 2 years,110,2.0,112.0,1153.98,64.7552380952380952,1813.98
Spa Steps 2-Tier PVC,KF-10011,133,21,84.9908695652173913,82.17,0,0,0,0,9 months,42,1.0,43.0,-3586.2,-3.9353846153846154,1378.13
SPECIAL ORDER HOT TUB COVER - 3x Radius 1x Square Corner (B),KC-10090,9999999,1,357.5,200.0,2,0.0,0.0,0.0,-,1,0.0,1.0,157.5,44.06,357.5
Special Order Hot Tub Cover - Radius Corners,KC-10093-1,9999999,0,329.9983333333333334,62.75,18,0.0,0.0,0.0,-,4,0.0,4.0,724.99,69.6233333333333334,1324.99
SPRING START-UP SERVICE - spa,KL-10008,999,0,133.33,1.0,0,0.0,0.0,0.0,-,1,0.0,1.0,132.33,99.25,133.33
Square Hot Tub Cover Weather Guard / Spa Cap,KA-10020,1862,4,48.7359332487712066,15.0,0,0,0,0,over 3 years,124,1.0,125.0,3930.5,69.4528718487394958,5790.5
STEP - ROUND SPA SURROUND FURNITURE,KF-10005,22,5,146.0358333333333333,120.0,0,0,0,0,5 months,13,0.0,13.0,327.43,20.0709090909090909,1887.43
STRAIGHT PLANTER - SQUARE SURROUND FURNITURE,KF-10027,0,1,190.0,76.73,0,0.0,1.0,3.0,less than a minute,1,0.0,1.0,113.27,19.23,190.0
Straight Steps - To Fit Straight Edge Spas - Part Of Square Surround Furniture,KF-10031,-1,4,128.5518328584995252,110.24,365,0,0,0,about 18 hours,44,0.0,44.0,40.37,-7.3690476190476191,4672.11
Suction Release Valve - Clear,KK-10006,17,0,7.332,2.72,0,0,0,0,9 months,5,0.0,5.0,23.06,85.16,36.66
Sunpower Stereo Transformer,KK-10549,4,0,25.0,50.0,0,0,0,0,12 months,1,0.0,1.0,-25.0,-100.0,25.0
SWIFT CURRENT PORTABLE SPA DRAIN PLUG / BUNG / STOPPER,KK-10098,8,0,3.8492307692307692,2.5,0,0,1.0,19.0,24 days,30,4.0,34.0,41.72,40.0041666666666667,116.72
Swift Current / Rio Grande Top Cap for Foam Panel - V2,KK-10792,15,0,0.0,15.0,0,0,0,9.0,about 2 months,25,0.0,25.0,-375.0,0.0,0.0
Swift Current V2 eBay Package,KP-10033,0,0,1525.2356521739130435,1295.06,0,4.0,9.0,27.0,less than a minute,27,0.0,27.0,5932.55,13.7773913043478261,40899.17
Swift Current V2 Foam Spa Charcoal,KP-10007,0,1,789.0,500.0,0,4.0,10.0,30.0,less than a minute,5,0.0,5.0,1408.0,36.2425,3908.0
Swift Current V2 Foam Spa Coffee,KP-10008,-10,5,873.9788235294117647,500.0,0,31.0,56.0,148.0,7 days,31,62.0,93.0,11570.46,41.8152941176470588,27070.46
Swift Current V2 Package - With 2x Planters + 1x Step,KP-10030,0,0,1015.958,749.98,0,4.0,9.0,27.0,less than a minute,26,0.0,26.0,5221.7,20.6675,25921.66
Telescopic Weir and Filter Basket - Charcoal,KK-10657,40,0,44.28,24.0,0,0,0,0,almost 10 years,1,0.0,1.0,20.28,45.79,44.28
Telescopic Weir and Filter Basket - Grey,KK-10253,22,0,49.99,20.0,0,0,0,0,over 5 years,1,0.0,1.0,29.99,59.99,49.99
Test Strips x 50,KA-10052,21448,2564,8.4910344827586207,3.0,0,0,0,0,almost 2 years,2800,3.0,2803.0,-6196.4,66.1048717948717949,2203.6
THUNDER BAY 44 JET 5-6 PERSON SPA,KH-10030,6,7,4550.0,4500.0,0,0,1.0,15.0,21 days,2,0.0,2.0,100.0,1.085,9100.0
Thunder Bay Lounger pillow - Grey,KK-10675,9,0,33.33,14.0,0,0,0,0,about 1 year,2,0.0,2.0,38.65,57.99,66.65
Tools 250ml Wet & Dry Pipe Glue - small,KK-10703,7,0,15.0,6.71,0,0,0,0,11 months,2,0.0,2.0,16.58,54.7,30.0
TOP MOUNT COVER LIFTER,KA-10027,72,26,56.33125,2.2,0,0,0,36.0,about 2 months,98,1.0,99.0,4616.44,99.0397727272727273,4697.76
TORONTO 44 JET 5-6 PERSON SPA,KH-10023,61,37,3950.72,3411.39,56,0,0,87.0,23 days,46,0.0,46.0,20501.53,11.9323333333333333,177425.47
TWO HEADRESTS/DUAL CUP HOLDERS FOR INFLATABLE PORTABLE SPAS,KA-10018,3,0,69.0833333333333333,45.0,0,0.0,4.0,18.0,about 1 month,3,1.0,4.0,72.25,15.06,207.25
TWO HEADRESTS & DUAL CUP HOLDERS FOR SWIFT CURRENT PORTABLE SPA,KA-10059,8,0,87.495,40.0,0,0,0,0,12 months,2,0.0,2.0,94.99,44.0,174.99
UNIVERSAL BLACK SPA STEPS (Fits both round and square spas),KF-10020,11,13,45.2575,50.0,0,0,2.0,28.0,19 days,46,31.0,77.0,-199.16,21.7778260869565217,2100.84
Universal Cover Lifter,KA-10030,42,5,73.3090909090909091,100.0,0,0,0,0,8 months,13,1.0,14.0,-411.1,-24.291,888.9
V1 Adaptor,KK-10752,128,12,0.484,3.0,0,0,0,0,8 months,46,228.0,274.0,-99.29,69.0,38.71
V1 PCU Connector Pipe (clear) for Swift Current / Rio Grande,KK-10101,-3,0,6.665,8.0,0,3.0,4.0,6.0,3 months,3,12.0,15.0,-5.67,-28.0,18.33
V1 PCU Connector Pipe (ribbed) for Grand Rapids,KK-10106,59,0,19.272,4.0,0,0,0,0,about 1 year,12,40.0,52.0,155.81,83.14,203.81
V1 PCU Set of 3x Connector Pipes for Swift Current / Rio Grande,KK-10105,0,0,33.328,20.0,0,1.0,4.0,12.0,less than a minute,5,0.0,5.0,84.64,59.19,166.64
V1 PCU Set of 3x Connector Pipes (ribbed) for Grand Rapids,KK-10107,0,0,36.1290909090909091,12.0,0,1.0,4.0,12.0,less than a minute,11,0.0,11.0,251.42,68.8177777777777778,397.42
V2 PCU Air Connector - Medium 52mm*250mm,KK-10785,112,4,0.69588235294117647059,5.0,0,0,0,2.0,2 months,117,74.0,191.0,-525.85,57.745,59.15
V2 PCU Connection Pipe O-Ring,KK-10823,154,0,0.59571428571428571429,1.0,0,0,0,0,about 1 year,32,0.0,32.0,-23.67,76.0,8.33
V2 PCU Connector - Short 52mm*150mm for air,KK-10755,118,5,0.2975,5.0,0,0,0,0,10 months,35,1.0,36.0,-158.33,40.0,16.67
V2 PCU Filter Lid O-Ring,KK-10827,43,0,4.17,1.0,0,0,0,0,over 3 years,3,0.0,3.0,9.5,76.0,12.5
V2 PCU Hose Connector Long - for Water - 52mm*300mm,KK-10754,129,4,0.0,5.0,0,0,0,0,over 1 year,19,0.0,19.0,-95.0,0.0,0.0
V2 PCU Transformer,KK-10777,25,0,25.0,30.0,0,0,0,0,about 6 years,1,0.0,1.0,-5.0,-20.0,25.0
V2 Pipe Connector Set With Aromatherapy,KK-10872,0,0,0.0,35.0,0,0.0,0.0,0.0,less than a minute,1,0.0,1.0,-35.0,0.0,0.0
V2 Pipe Connector Set without Aromatherapy,KK-10871,0,0,0.0,15.0,0,0.0,1.0,3.0,less than a minute,1,0.0,1.0,-15.0,0.0,0.0
Vancouver 65 JET 6 PERSON SPA,KH-10032,2,3,5093.332,325.02,26,0,0,0,13 days,5,0.0,5.0,18474.97,71.372,25466.66
Vertical Strip (Spa Cabinet) - Coffee,KK-10238,28,0,0.0,7.0,0,0,0,0,about 1 year,6,0.0,6.0,-42.0,0.0,0.0
VICTORIA 58 JET 6-7 PERSON SPA,KH-10025,2,0,4995.83,4000.0,0,0,0,1.0,6 months,1,0.0,1.0,995.83,19.93,4995.83
Waterfall 8in LED - Clear,KK-10155,16,0,0.0,7.24,0,0,0,0,almost 4 years,1,0.0,1.0,-7.24,0.0,0.0
Waterfall Control Valve - Swim Spa,KK-10305,20,0,20.83,4.55,0,0,0,0,almost 5 years,1,0.0,1.0,16.28,78.16,20.83
Water Filled Spa Booster Seat / Cushion,KA-10019,519,9,11.8475,3.0,0,0,0,0,about 1 year,94,217.0,311.0,647.33,70.9821875,929.33
Water Filled Spa Booster Seat / Cushion TWIN PACK (2),KA-10105,0,0,18.7779545454545455,6.0,0,10.0,23.0,69.0,less than a minute,76,0.0,76.0,914.59,68.1409756097560976,1370.59
WATER-PROOF PLAYING CARDS,KA-10035,3993,0,4.165,1.0,0,0,0,0,about 246 years,4,0.0,4.0,12.66,87.99,16.66
Wet End: 2.5in x 2.5in (LX) 5HP,KK-10739,23,2,76.5316666666666667,55.0,0,0,0,7.0,5 months,8,0.0,8.0,81.69,35.6275,521.69
Wet End: 2.6in x 2in (LX) 4HP,KK-10409,116,2,40.6417647058823529,50.0,0,0,0,0,7 months,33,0.0,33.0,-729.09,-133.07375,920.91
Wet End: 2in x 2in (LX) 3HP,KK-10408,90,0,50.0,45.0,0,0,0,0,almost 2 years,3,0.0,3.0,-35.0,55.0,100.0
Wet End: 2in x 2in (Waterway) 48F,KK-10404,9,0,0.0,31.28,0,0,0,0,about 2 years,1,0.0,1.0,-31.28,0.0,0.0
Wet End: 2in x 2in (Waterway) 56F,KK-10405,21,0,100.0,29.94,10,0,0,0,over 1 year,1,2.0,3.0,68.73,68.73,100.0
Whirlpool Rinse ( Spa Flushing Agent ),KA-10074,360,0,9.9517857142857143,6.0,0,0,0,0,about 2 years,38,0.0,38.0,116.14,44.3652,344.14
WINNIPEG 2010 (NO SPEAKERS) FULL PILLOW SET,KK-10726,0,0,149.995,31.47,0,0.0,1.0,3.0,less than a minute,2,0.0,2.0,268.52,88.2,299.99
WINNIPEG 2010 (WITH SPEAKERS) FULL PILLOW SET,KK-10727,0,0,166.66,0.0,0,0.0,0.0,0.0,less than a minute,1,0.0,1.0,166.66,100.0,166.66
WINNIPEG 35 JET 5-6 PERSON SPA,KH-10031,2,0,2655.2075,0.0,7,0,0,6.0,14 days,4,0.0,4.0,720.83,35.8933333333333333,10620.83
